[
  {
    "_id": "bar-char-tiempo-milisegundos-vs-Tiempo",
    "_type": "visualization",
    "_source": {
      "title": "bar char tiempo milisegundos  vs Tiempo",
      "visState": "{\"title\":\"bar char tiempo milisegundos  vs Tiempo\",\"type\":\"histogram\",\"params\":{\"shareYAxis\":true,\"addTooltip\":true,\"addLegend\":true,\"scale\":\"linear\",\"mode\":\"stacked\",\"times\":[],\"addTimeMarker\":false,\"defaultYExtents\":true,\"setYExtents\":false,\"yAxis\":{}},\"aggs\":[{\"id\":\"1\",\"type\":\"max\",\"schema\":\"metric\",\"params\":{\"field\":\"tiempo_milisegundos\"}},{\"id\":\"2\",\"type\":\"avg\",\"schema\":\"metric\",\"params\":{\"field\":\"tiempo_milisegundos\"}},{\"id\":\"3\",\"type\":\"min\",\"schema\":\"metric\",\"params\":{\"field\":\"tiempo_milisegundos\"}},{\"id\":\"4\",\"type\":\"terms\",\"schema\":\"segment\",\"params\":{\"field\":\"fecha\",\"size\":15,\"order\":\"asc\",\"orderBy\":\"_term\"}}],\"listeners\":{}}",
      "uiStateJSON": "{}",
      "description": "",
      "version": 1,
      "kibanaSavedObjectMeta": {
        "searchSourceJSON": "{\"index\":\"fecha*\",\"query\":{\"query_string\":{\"query\":\"*\",\"analyze_wildcard\":true}},\"filter\":[]}"
      }
    }
  }
]