[
  {
    "_id": "BigPM",
    "_type": "dashboard",
    "_source": {
      "title": "BigPM",
      "hits": 0,
      "description": "",
      "panelsJSON": "[{\"col\":1,\"id\":\"Tiempo-medio-de-respuesta,-percentil-98,-95,-90-(ms)\",\"panelIndex\":1,\"row\":6,\"size_x\":9,\"size_y\":4,\"type\":\"visualization\"},{\"col\":1,\"id\":\"Volumen-de-peticiones-agrupadas-por-estado-HTTP-cada-10-minutos\",\"panelIndex\":2,\"row\":10,\"size_x\":9,\"size_y\":4,\"type\":\"visualization\"},{\"col\":1,\"id\":\"Tiempo-medio-de-respuesta-(ms)\",\"panelIndex\":3,\"row\":1,\"size_x\":3,\"size_y\":2,\"type\":\"visualization\"},{\"col\":4,\"id\":\"Tiempo-maximo-de-respuesta-(ms)\",\"panelIndex\":5,\"row\":1,\"size_x\":3,\"size_y\":2,\"type\":\"visualization\"},{\"col\":10,\"id\":\"Porcentaje-de-peticiones-por-dirección-IP\",\"panelIndex\":6,\"row\":10,\"size_x\":3,\"size_y\":4,\"type\":\"visualization\"},{\"col\":10,\"id\":\"Porcentaje-del-estado-de-peticiones-HTTP-servidas\",\"panelIndex\":7,\"row\":1,\"size_x\":3,\"size_y\":2,\"type\":\"visualization\"},{\"col\":1,\"id\":\"Tiempo-medio-de-respuesta-(ms)-y-volumen-de-peticiones\",\"panelIndex\":8,\"row\":3,\"size_x\":9,\"size_y\":3,\"type\":\"visualization\"},{\"col\":7,\"id\":\"Numero-total-de-peticiones\",\"panelIndex\":10,\"row\":1,\"size_x\":3,\"size_y\":2,\"type\":\"visualization\"},{\"col\":10,\"id\":\"Usuarios-mas-activos\",\"panelIndex\":11,\"row\":3,\"size_x\":3,\"size_y\":3,\"type\":\"visualization\"},{\"col\":1,\"id\":\"Bytes-medios-por-minuto-enviados\",\"panelIndex\":12,\"row\":21,\"size_x\":6,\"size_y\":3,\"type\":\"visualization\"},{\"col\":1,\"id\":\"Estadisticos-de-actividad-por-hora\",\"panelIndex\":13,\"row\":14,\"size_x\":12,\"size_y\":4,\"type\":\"visualization\"},{\"col\":1,\"id\":\"Volumen-de-peticiones-por-tipo-de-contenido\",\"panelIndex\":14,\"row\":24,\"size_x\":12,\"size_y\":4,\"type\":\"visualization\"},{\"col\":10,\"id\":\"Porcentaje-de-peticiones-por-usuario\",\"panelIndex\":15,\"row\":6,\"size_x\":3,\"size_y\":4,\"type\":\"visualization\"},{\"col\":7,\"id\":\"Desviacion-estantar-de-la-media-por-contenido-servido-(ms)\",\"panelIndex\":16,\"row\":18,\"size_x\":6,\"size_y\":3,\"type\":\"visualization\"},{\"col\":1,\"id\":\"Desviacion-estantar-de-la-media-(ms)\",\"panelIndex\":17,\"row\":18,\"size_x\":6,\"size_y\":3,\"type\":\"visualization\"},{\"id\":\"Tiempo-medio-de-respuesta-(ms)-por-usuario\",\"type\":\"visualization\",\"panelIndex\":18,\"size_x\":6,\"size_y\":3,\"col\":7,\"row\":21}]",
      "optionsJSON": "{\"darkTheme\":true}",
      "uiStateJSON": "{\"P-1\":{\"vis\":{\"legendOpen\":false}},\"P-12\":{\"vis\":{\"legendOpen\":false}},\"P-14\":{\"vis\":{\"legendOpen\":true}},\"P-16\":{\"vis\":{\"legendOpen\":false}},\"P-17\":{\"vis\":{\"legendOpen\":false}},\"P-2\":{\"spy\":{\"mode\":{\"fill\":false,\"name\":null}},\"vis\":{\"legendOpen\":false}},\"P-3\":{\"spy\":{\"mode\":{\"fill\":false,\"name\":null}}},\"P-6\":{\"vis\":{\"legendOpen\":false}},\"P-7\":{\"vis\":{\"legendOpen\":true}},\"P-8\":{\"spy\":{\"mode\":{\"fill\":false,\"name\":null}},\"vis\":{\"colors\":{\"Average tiempo_milisegundos\":\"#9AC48A\",\"Count\":\"#962D82\"},\"legendOpen\":false}},\"P-18\":{\"vis\":{\"legendOpen\":false}}}",
      "version": 1,
      "timeRestore": false,
      "kibanaSavedObjectMeta": {
        "searchSourceJSON": "{\"filter\":[{\"query\":{\"query_string\":{\"analyze_wildcard\":true,\"query\":\"*\"}}}]}"
      }
    }
  }
]