[
  {
    "_id": "Desviacion-estantar-de-la-media-por-contenido-servido-(ms)",
    "_type": "visualization",
    "_source": {
      "title": "Desviacion estantar de la media por contenido servido (ms)",
      "visState": "{\"title\":\"Desviacion estantar de la media (ms)\",\"type\":\"line\",\"params\":{\"shareYAxis\":true,\"addTooltip\":true,\"addLegend\":true,\"showCircles\":true,\"smoothLines\":true,\"interpolate\":\"linear\",\"scale\":\"linear\",\"drawLinesBetweenPoints\":true,\"radiusRatio\":9,\"times\":[],\"addTimeMarker\":false,\"defaultYExtents\":false,\"setYExtents\":false,\"yAxis\":{}},\"aggs\":[{\"id\":\"1\",\"type\":\"std_dev\",\"schema\":\"metric\",\"params\":{\"field\":\"tiempo_milisegundos\"}},{\"id\":\"2\",\"type\":\"date_histogram\",\"schema\":\"segment\",\"params\":{\"field\":\"fecha\",\"interval\":\"custom\",\"customInterval\":\"10m\",\"min_doc_count\":1,\"extended_bounds\":{}}},{\"id\":\"3\",\"type\":\"terms\",\"schema\":\"group\",\"params\":{\"field\":\"url_path_request\",\"size\":13,\"order\":\"desc\",\"orderBy\":\"1.std_lower\"}}],\"listeners\":{}}",
      "uiStateJSON": "{\"vis\":{\"colors\":{\"Upper Standard Deviation of tiempo_milisegundos\":\"#BF1B00\",\"Lower Standard Deviation of tiempo_milisegundos\":\"#DEDAF7\",\"Average of tiempo_milisegundos\":\"#508642\",\"inicio: Lower Standard Deviation of tiempo_milisegundos\":\"#EAB839\",\"busqueda: Lower Standard Deviation of tiempo_milisegundos\":\"#F9934E\"},\"legendOpen\":true}}",
      "description": "",
      "version": 1,
      "kibanaSavedObjectMeta": {
        "searchSourceJSON": "{\"index\":\"fecha*\",\"query\":{\"query_string\":{\"query\":\"*\",\"analyze_wildcard\":true}},\"filter\":[]}"
      }
    }
  }
]