[
  {
    "_id": "estadisticos",
    "_type": "visualization",
    "_source": {
      "title": "estadisticos",
      "visState": "{\"title\":\"New Visualization\",\"type\":\"table\",\"params\":{\"perPage\":10,\"showPartialRows\":false,\"showMeticsAtAllLevels\":false},\"aggs\":[{\"id\":\"2\",\"type\":\"avg\",\"schema\":\"metric\",\"params\":{\"field\":\"tiempo_milisegundos\"}},{\"id\":\"1\",\"type\":\"std_dev\",\"schema\":\"metric\",\"params\":{\"field\":\"tiempo_milisegundos\"}},{\"id\":\"3\",\"type\":\"date_histogram\",\"schema\":\"bucket\",\"params\":{\"field\":\"fecha\",\"interval\":\"custom\",\"customInterval\":\"15m\",\"min_doc_count\":1,\"extended_bounds\":{}}},{\"id\":\"4\",\"type\":\"percentiles\",\"schema\":\"metric\",\"params\":{\"field\":\"tiempo_milisegundos\",\"percents\":[95]}}],\"listeners\":{}}",
      "uiStateJSON": "{}",
      "description": "",
      "version": 1,
      "kibanaSavedObjectMeta": {
        "searchSourceJSON": "{\"index\":\"fecha*\",\"query\":{\"query_string\":{\"query\":\"*\",\"analyze_wildcard\":true}},\"filter\":[]}"
      }
    }
  }
]