[
  {
    "_id": "Porcentaje-del-estado-de-peticiones-HTTP-servidas",
    "_type": "visualization",
    "_source": {
      "title": "Porcentaje del estado de peticiones HTTP servidas",
      "visState": "{\"title\":\"New Visualization\",\"type\":\"pie\",\"params\":{\"shareYAxis\":true,\"addTooltip\":true,\"addLegend\":true,\"isDonut\":true},\"aggs\":[{\"id\":\"1\",\"type\":\"count\",\"schema\":\"metric\",\"params\":{}},{\"id\":\"2\",\"type\":\"terms\",\"schema\":\"segment\",\"params\":{\"field\":\"http_status\",\"size\":35,\"order\":\"desc\",\"orderBy\":\"1\"}}],\"listeners\":{}}",
      "uiStateJSON": "{\"vis\":{\"colors\":{\"200\":\"#629E51\",\"400\":\"#BF1B00\",\"404\":\"#BF1B00\"}}}",
      "description": "",
      "version": 1,
      "kibanaSavedObjectMeta": {
        "searchSourceJSON": "{\"index\":\"fecha*\",\"query\":{\"query_string\":{\"query\":\"*\",\"analyze_wildcard\":true}},\"filter\":[]}"
      }
    }
  }
]