[
  {
    "_id": "Tiempo-medio-de-respuesta-(ms)-por-usuario",
    "_type": "visualization",
    "_source": {
      "title": "Tiempo medio de respuesta (ms) por usuario",
      "visState": "{\"title\":\"New Visualization\",\"type\":\"histogram\",\"params\":{\"shareYAxis\":true,\"addTooltip\":true,\"addLegend\":true,\"scale\":\"linear\",\"mode\":\"stacked\",\"times\":[],\"addTimeMarker\":false,\"defaultYExtents\":false,\"setYExtents\":false,\"yAxis\":{}},\"aggs\":[{\"id\":\"1\",\"type\":\"avg\",\"schema\":\"metric\",\"params\":{\"field\":\"tiempo_milisegundos\"}},{\"id\":\"2\",\"type\":\"count\",\"schema\":\"metric\",\"params\":{}},{\"id\":\"3\",\"type\":\"date_histogram\",\"schema\":\"segment\",\"params\":{\"field\":\"fecha\",\"interval\":\"custom\",\"customInterval\":\"10m\",\"min_doc_count\":1,\"extended_bounds\":{}}},{\"id\":\"4\",\"type\":\"terms\",\"schema\":\"group\",\"params\":{\"field\":\"id_usuario\",\"size\":5,\"order\":\"desc\",\"orderBy\":\"1\"}}],\"listeners\":{}}",
      "uiStateJSON": "{}",
      "description": "",
      "version": 1,
      "kibanaSavedObjectMeta": {
        "searchSourceJSON": "{\"index\":\"fecha*\",\"query\":{\"query_string\":{\"query\":\"*\",\"analyze_wildcard\":true}},\"filter\":[]}"
      }
    }
  }
]