[
  {
    "_id": "Tiempo-medio-de-respuesta-(ms)-y-volumen-de-peticiones",
    "_type": "visualization",
    "_source": {
      "title": "Tiempo medio de respuesta (ms) y volumen de peticiones",
      "visState": "{\"title\":\"Tiempo medio de respuesta (ms) y volumen de peticiones\",\"type\":\"line\",\"params\":{\"shareYAxis\":true,\"addTooltip\":true,\"addLegend\":true,\"showCircles\":true,\"smoothLines\":true,\"interpolate\":\"linear\",\"scale\":\"linear\",\"drawLinesBetweenPoints\":true,\"radiusRatio\":9,\"times\":[],\"addTimeMarker\":false,\"defaultYExtents\":false,\"setYExtents\":false,\"yAxis\":{}},\"aggs\":[{\"id\":\"1\",\"type\":\"avg\",\"schema\":\"metric\",\"params\":{\"field\":\"tiempo_milisegundos\"}},{\"id\":\"2\",\"type\":\"date_histogram\",\"schema\":\"segment\",\"params\":{\"field\":\"fecha\",\"interval\":\"custom\",\"customInterval\":\"5m\",\"min_doc_count\":1,\"extended_bounds\":{}}},{\"id\":\"3\",\"type\":\"count\",\"schema\":\"metric\",\"params\":{}}],\"listeners\":{}}",
      "uiStateJSON": "{\"vis\":{\"colors\":{\"Count\":\"#6ED0E0\",\"Average tiempo_milisegundos\":\"#7EB26D\"},\"legendOpen\":false}}",
      "description": "",
      "version": 1,
      "kibanaSavedObjectMeta": {
        "searchSourceJSON": "{\"index\":\"fecha*\",\"query\":{\"query_string\":{\"query\":\"*\",\"analyze_wildcard\":true}},\"filter\":[]}"
      }
    }
  }
]