[
  {
    "_id": "Tiempo-medio-de-respuesta,-percentil-98,-95,-90-(ms)",
    "_type": "visualization",
    "_source": {
      "title": "Tiempo medio de respuesta, percentil 98, 95, 90 (ms)",
      "visState": "{\"title\":\"Tiempos_medios_vs_percentiles\",\"type\":\"area\",\"params\":{\"addLegend\":true,\"addTimeMarker\":true,\"addTooltip\":true,\"defaultYExtents\":false,\"interpolate\":\"linear\",\"mode\":\"stacked\",\"scale\":\"linear\",\"setYExtents\":false,\"shareYAxis\":true,\"smoothLines\":true,\"times\":[],\"yAxis\":{}},\"aggs\":[{\"id\":\"1\",\"type\":\"percentiles\",\"schema\":\"metric\",\"params\":{\"field\":\"tiempo_milisegundos\",\"percents\":[90,95,98]}},{\"id\":\"4\",\"type\":\"date_histogram\",\"schema\":\"segment\",\"params\":{\"field\":\"fecha\",\"interval\":\"custom\",\"customInterval\":\"5m\",\"min_doc_count\":1,\"extended_bounds\":{}}},{\"id\":\"5\",\"type\":\"avg\",\"schema\":\"metric\",\"params\":{\"field\":\"tiempo_milisegundos\"}}],\"listeners\":{}}",
      "uiStateJSON": "{\"spy\":{\"mode\":{\"fill\":false,\"name\":null}},\"vis\":{\"colors\":{\"50th percentile of tiempo_milisegundos\":\"#7EB26D\",\"Average tiempo_milisegundos\":\"#64B0C8\",\"Max tiempo_milisegundos\":\"#64B0C8\",\"95th percentile of tiempo_milisegundos\":\"#F9934E\",\"90th percentile of tiempo_milisegundos\":\"#EA6460\",\"85th percentile of tiempo_milisegundos\":\"#E24D42\",\"98th percentile of tiempo_milisegundos\":\"#F2C96D\"},\"legendOpen\":true}}",
      "description": "",
      "version": 1,
      "kibanaSavedObjectMeta": {
        "searchSourceJSON": "{\"index\":\"fecha*\",\"query\":{\"query_string\":{\"analyze_wildcard\":true,\"query\":\"*\"}},\"filter\":[]}"
      }
    }
  }
]