[
  {
    "_id": "Tiempo-medio-de-respuesta-(ms)",
    "_type": "visualization",
    "_source": {
      "title": "Tiempo medio de respuesta (ms)",
      "visState": "{\"title\":\"Tiempo medio de respuesta (ms)\",\"type\":\"metric\",\"params\":{\"fontSize\":\"37\"},\"aggs\":[{\"id\":\"1\",\"type\":\"avg\",\"schema\":\"metric\",\"params\":{\"field\":\"tiempo_milisegundos\"}}],\"listeners\":{}}",
      "uiStateJSON": "{}",
      "description": "",
      "version": 1,
      "kibanaSavedObjectMeta": {
        "searchSourceJSON": "{\"index\":\"fecha*\",\"query\":{\"query_string\":{\"analyze_wildcard\":true,\"query\":\"*\"}},\"filter\":[]}"
      }
    }
  }
]