[
  {
    "_id": "Usuarios-mas-activos",
    "_type": "visualization",
    "_source": {
      "title": "Usuarios mas activos",
      "visState": "{\"aggs\":[{\"id\":\"1\",\"params\":{},\"schema\":\"metric\",\"type\":\"count\"},{\"id\":\"2\",\"params\":{\"field\":\"id_usuario\",\"order\":\"desc\",\"orderBy\":\"1\",\"size\":9},\"schema\":\"bucket\",\"type\":\"terms\"}],\"listeners\":{},\"params\":{\"perPage\":10,\"showMeticsAtAllLevels\":false,\"showPartialRows\":false},\"title\":\"Usuarios mas activos\",\"type\":\"table\"}",
      "uiStateJSON": "{}",
      "description": "",
      "version": 1,
      "kibanaSavedObjectMeta": {
        "searchSourceJSON": "{\"index\":\"fecha*\",\"query\":{\"query_string\":{\"analyze_wildcard\":true,\"query\":\"*\"}},\"filter\":[]}"
      }
    }
  }
]