[
  {
    "_id": "Volumen-de-peticiones-agrupadas-por-estado-HTTP-cada-10-minutos",
    "_type": "visualization",
    "_source": {
      "title": "Volumen de peticiones agrupadas por estado HTTP cada 10 minutos",
      "visState": "{\"title\":\"Peticiones_codigo_http\",\"type\":\"histogram\",\"params\":{\"shareYAxis\":true,\"addTooltip\":true,\"addLegend\":true,\"scale\":\"linear\",\"mode\":\"stacked\",\"times\":[],\"addTimeMarker\":false,\"defaultYExtents\":false,\"setYExtents\":false,\"yAxis\":{}},\"aggs\":[{\"id\":\"1\",\"type\":\"count\",\"schema\":\"metric\",\"params\":{}},{\"id\":\"2\",\"type\":\"date_histogram\",\"schema\":\"segment\",\"params\":{\"field\":\"fecha\",\"interval\":\"custom\",\"customInterval\":\"10m\",\"min_doc_count\":1,\"extended_bounds\":{}}},{\"id\":\"3\",\"type\":\"terms\",\"schema\":\"group\",\"params\":{\"field\":\"http_status\",\"size\":7,\"order\":\"desc\",\"orderBy\":\"1\"}}],\"listeners\":{}}",
      "uiStateJSON": "{\"vis\":{\"colors\":{\"200\":\"#629E51\",\"400\":\"#EF843C\",\"404\":\"#E24D42\"}}}",
      "description": "",
      "version": 1,
      "kibanaSavedObjectMeta": {
        "searchSourceJSON": "{\"index\":\"fecha*\",\"query\":{\"query_string\":{\"query\":\"*\",\"analyze_wildcard\":true}},\"filter\":[]}"
      }
    }
  }
]