[
  {
    "_id": "Volumen-de-peticiones-por-tipo-de-contenido",
    "_type": "visualization",
    "_source": {
      "title": "Volumen de peticiones por tipo de contenido",
      "visState": "{\"title\":\"Volumen de peticiones por tipo de contenido\",\"type\":\"area\",\"params\":{\"addLegend\":true,\"addTimeMarker\":false,\"addTooltip\":true,\"defaultYExtents\":false,\"interpolate\":\"linear\",\"mode\":\"stacked\",\"scale\":\"linear\",\"setYExtents\":false,\"shareYAxis\":true,\"smoothLines\":true,\"times\":[],\"yAxis\":{}},\"aggs\":[{\"id\":\"1\",\"type\":\"count\",\"schema\":\"metric\",\"params\":{}},{\"id\":\"2\",\"type\":\"date_histogram\",\"schema\":\"segment\",\"params\":{\"field\":\"fecha\",\"interval\":\"custom\",\"customInterval\":\"5m\",\"min_doc_count\":1,\"extended_bounds\":{}}},{\"id\":\"3\",\"type\":\"terms\",\"schema\":\"group\",\"params\":{\"field\":\"url_path_request\",\"size\":13,\"order\":\"desc\",\"orderBy\":\"1\"}}],\"listeners\":{}}",
      "uiStateJSON": "{\"vis\":{\"colors\":{\"expediente\":\"#B7DBAB\",\"expediente.jsp\":\"#64B0C8\",\"images\":\"#F2C96D\",\"js\":\"#F9934E\",\"jsp\":\"#E24D42\",\"serviciosexpediente.jsp\":\"#E5AC0E\"},\"legendOpen\":false}}",
      "description": "",
      "version": 1,
      "kibanaSavedObjectMeta": {
        "searchSourceJSON": "{\"index\":\"fecha*\",\"query\":{\"query_string\":{\"analyze_wildcard\":true,\"query\":\"*\"}},\"filter\":[]}"
      }
    }
  }
]