<workflow-app xmlns="uri:oozie:workflow:0.4" name="hive-wf">
    <start to="hive-node"/>
    
    <action name="hive-node">
        <hive xmlns="uri:oozie:hive-action:0.2">
        <job-tracker>${jobTracker}</job-tracker>
        <name-node>${nameNode}</name-node>
        <job-xml>hive-site.xml</job-xml>
            <configuration>
                <property>
                    <name>mapred.job.queue.name</name>
                    <value>${queueName}</value>
                </property>              
            </configuration>
            <script>carga_logs.hql</script>
        </hive>
        <ok to="end"/>
        <error to="fail"/>
    </action>
    
    <kill name="fail">
        <message>Hive failed, error message[${wf:errorMessage(wf:lastErrorNode())}]</message>
    </kill>
    <end name="end"/>
</workflow-app>

